{
    "last.time": 420.0,
    "last.Aact": 39254822621.542145,
    "last.Bact": 2716385585.5890827,
    "last.Bcum": 902189611326.4213,
    "last.inventory": 10555989553.89,
    "normalized.Bcum": 776064318515.1552,
    "normalized.inventory": 10242466108.149912,
    "normalized.refilled": 4646981510.912997,
}